-- phpMyAdmin SQL Dump
-- version 4.5.4.1deb2ubuntu2.1
-- http://www.phpmyadmin.net
--
-- Client :  localhost
-- Généré le :  Lun 24 Juin 2019 à 12:43
-- Version du serveur :  5.7.26-0ubuntu0.16.04.1
-- Version de PHP :  7.0.33-0ubuntu0.16.04.4

SET SQL_MODE = "NO_AUTO_VALUE_ON_ZERO";
SET time_zone = "+00:00";


/*!40101 SET @OLD_CHARACTER_SET_CLIENT=@@CHARACTER_SET_CLIENT */;
/*!40101 SET @OLD_CHARACTER_SET_RESULTS=@@CHARACTER_SET_RESULTS */;
/*!40101 SET @OLD_COLLATION_CONNECTION=@@COLLATION_CONNECTION */;
/*!40101 SET NAMES utf8mb4 */;

--
-- Base de données :  `A6`
--

--
-- Contenu de la table `achat`
--

INSERT INTO `achat` (`id_achat`, `id_user`, `id_produit`, `date_achat`) VALUES
(1, 21, 64, '2018-12-25'),
(2, 17, 79, '2018-10-27'),
(3, 73, 63, '2018-09-30'),
(4, 82, 74, '2018-07-08'),
(5, 34, 14, '2018-11-16'),
(6, 63, 89, '2018-11-15'),
(7, 76, 41, '2018-11-15'),
(8, 46, 83, '2019-02-27'),
(9, 63, 97, '2018-06-15'),
(10, 56, 72, '2019-04-23'),
(11, 45, 70, '2019-01-27'),
(12, 13, 52, '2019-03-09'),
(13, 18, 56, '2018-07-14'),
(14, 61, 3, '2018-08-12'),
(15, 71, 62, '2018-06-16'),
(16, 12, 61, '2018-12-09'),
(17, 13, 27, '2018-09-03'),
(18, 24, 54, '2018-10-02'),
(19, 85, 58, '2018-12-31'),
(20, 98, 26, '2018-12-29'),
(21, 94, 89, '2018-12-30'),
(22, 35, 34, '2018-11-11'),
(23, 22, 49, '2019-02-09'),
(24, 82, 51, '2018-10-18'),
(25, 93, 14, '2018-12-09'),
(26, 64, 37, '2018-09-23'),
(27, 70, 16, '2018-08-13'),
(28, 20, 41, '2019-03-25'),
(29, 4, 29, '2018-06-19'),
(30, 24, 71, '2019-02-12'),
(31, 52, 60, '2018-09-15'),
(32, 91, 8, '2018-08-04'),
(33, 40, 96, '2018-08-27'),
(34, 81, 79, '2019-03-13'),
(35, 4, 79, '2018-10-14'),
(36, 23, 54, '2018-07-27'),
(37, 57, 41, '2018-12-15'),
(38, 50, 90, '2018-09-12'),
(39, 84, 5, '2019-04-22'),
(40, 81, 19, '2018-08-19'),
(41, 28, 91, '2018-07-18'),
(42, 87, 76, '2018-09-24'),
(43, 68, 2, '2019-02-14'),
(44, 64, 61, '2018-09-01'),
(45, 70, 95, '2019-02-02'),
(46, 12, 43, '2018-10-23'),
(47, 36, 63, '2018-08-22'),
(48, 49, 27, '2018-07-29'),
(49, 6, 87, '2018-11-24'),
(50, 3, 21, '2018-11-24'),
(51, 5, 6, '2018-12-13'),
(52, 98, 19, '2018-11-15'),
(53, 32, 53, '2018-06-15'),
(54, 14, 12, '2018-09-29'),
(55, 24, 52, '2018-11-27'),
(56, 57, 49, '2018-12-26'),
(57, 58, 73, '2018-07-21'),
(58, 30, 29, '2018-11-11'),
(59, 70, 14, '2019-02-27'),
(60, 67, 40, '2018-07-25'),
(61, 88, 24, '2018-06-21'),
(62, 13, 17, '2018-09-04'),
(63, 94, 11, '2018-07-12'),
(64, 27, 61, '2019-04-16'),
(65, 30, 46, '2018-07-21'),
(66, 65, 94, '2018-09-13'),
(67, 61, 2, '2018-09-06'),
(68, 13, 14, '2018-10-12'),
(69, 67, 7, '2018-05-13'),
(70, 72, 49, '2018-11-20'),
(71, 16, 49, '2018-06-14'),
(72, 20, 81, '2019-04-06'),
(73, 3, 71, '2018-09-14'),
(74, 62, 89, '2018-12-05'),
(75, 13, 59, '2018-11-20'),
(76, 34, 96, '2018-05-25'),
(77, 37, 73, '2019-04-03'),
(78, 64, 33, '2018-09-24'),
(79, 73, 20, '2019-02-03'),
(80, 79, 51, '2019-01-12'),
(81, 66, 92, '2018-09-18'),
(82, 23, 83, '2018-08-11'),
(83, 24, 86, '2018-07-25'),
(84, 61, 89, '2018-12-13'),
(85, 9, 97, '2018-10-12'),
(86, 48, 95, '2018-12-25'),
(87, 76, 30, '2018-12-15'),
(88, 37, 5, '2018-12-18'),
(89, 39, 86, '2018-10-11'),
(90, 68, 56, '2019-04-08'),
(91, 12, 60, '2019-03-28'),
(92, 87, 24, '2019-03-13'),
(93, 73, 89, '2018-08-23'),
(94, 50, 11, '2019-03-23'),
(95, 85, 92, '2018-05-19'),
(96, 45, 97, '2018-07-27'),
(97, 37, 36, '2018-12-02'),
(98, 83, 24, '2019-01-22'),
(99, 52, 40, '2018-07-23'),
(100, 77, 19, '2018-11-19'),
(101, 98, 8, '2019-05-05'),
(102, 98, 7, '2019-04-05'),
(103, 98, 92, '2019-03-05'),
(104, 98, 24, '2019-06-05'),
(105, 98, 14, '2019-06-03'),
(106, 55, 14, '1999-12-12'),
(107, 99, 14, '1999-12-12');

--
-- Contenu de la table `categorie`
--

INSERT INTO `categorie` (`id_categorie`, `nom_categorie`, `description_categorie`) VALUES
(1, 'romance', 'Integer a nibh. In quis justo. Maecenas rhoncus aliquam lacus. Morbi quis tortor id nulla ultrices aliquet. Maecenas leo odio, condimentum id, luctus nec, molestie sed, justo. Pellentesque viverra pede ac diam. Cras pellentesque volutpat dui. Maecenas tristique, est et tempus semper, est quam pharetra magna, ac consequat metus sapien ut nunc. Vestibulum ante ipsum primis in faucibus orci luctus et ultrices posuere cubilia Curae; Mauris viverra diam vitae quam. Suspendisse potenti.'),
(2, 'amour', 'Suspendisse potenti. In eleifend quam a odio.'),
(3, 'comédie', 'Morbi odio odio, elementum eu, interdum eu, tincidunt in, leo. Maecenas pulvinar lobortis est. Phasellus sit amet erat. Nulla tempus. Vivamus in felis eu sapien cursus vestibulum. Proin eu mi. Nulla ac enim. In tempor, turpis nec euismod scelerisque, quam turpis adipiscing lorem, vitae mattis nibh ligula nec sem. Duis aliquam convallis nunc. Proin at turpis a pede posuere nonummy.'),
(4, 'drama', 'Vestibulum rutrum rutrum neque. Aenean auctor gravida sem. Praesent id massa id nisl venenatis lacinia. Aenean sit amet justo. Morbi ut odio. Cras mi pede, malesuada in, imperdiet et, commodo vulputate, justo. In blandit ultrices enim. Lorem ipsum dolor sit amet, consectetuer adipiscing elit. Proin interdum mauris non ligula pellentesque ultrices.'),
(5, 'thriller', 'Sed sagittis.'),
(6, 'action', 'Suspendisse potenti. Nullam porttitor lacus at turpis. Donec posuere metus vitae ipsum. Aliquam non mauris. Morbi non lectus. Aliquam sit amet diam in magna bibendum imperdiet. Nullam orci pede, venenatis non, sodales sed, tincidunt eu, felis. Fusce posuere felis sed lacus. Morbi sem mauris, laoreet ut, rhoncus aliquet, pulvinar sed, nisl. Nunc rhoncus dui vel sem.'),
(7, 'horreur', 'Aliquam erat volutpat. In congue. Etiam justo. Etiam pretium iaculis justo. In hac habitasse platea dictumst.'),
(8, 'humoristique', 'In quis justo. Maecenas rhoncus aliquam lacus. Morbi quis tortor id nulla ultrices aliquet. Maecenas leo odio, condimentum id, luctus nec, molestie sed, justo. Pellentesque viverra pede ac diam. Cras pellentesque volutpat dui.'),
(9, 'documentaire', 'Fusce posuere felis sed lacus. Morbi sem mauris, laoreet ut, rhoncus aliquet, pulvinar sed, nisl. Nunc rhoncus dui vel sem. Sed sagittis. Nam congue, risus semper porta volutpat, quam pede lobortis ligula, sit amet eleifend pede libero quis orci. Nullam molestie nibh in lectus. Pellentesque at nulla. Suspendisse potenti.'),
(10, 'animation', 'Proin at turpis a pede posuere nonummy. Integer non velit. Donec diam neque, vestibulum eget, vulputate ut, ultrices vel, augue. Vestibulum ante ipsum primis in faucibus orci luctus et ultrices posuere cubilia Curae; Donec pharetra, magna vestibulum aliquet ultrices, erat tortor sollicitudin mi, sit amet lobortis sapien sapien non mi. Integer ac neque. Duis bibendum. Morbi non quam nec dui luctus rutrum. Nulla tellus.'),
(11, 'western', 'Praesent blandit lacinia erat. Vestibulum sed magna at nunc commodo placerat. Praesent blandit. Nam nulla. Integer pede justo, lacinia eget, tincidunt eget, tempus vel, pede. Morbi porttitor lorem id ligula.'),
(12, 'science-fiction', 'Morbi sem mauris, laoreet ut, rhoncus aliquet, pulvinar sed, nisl. Nunc rhoncus dui vel sem. Sed sagittis. Nam congue, risus semper porta volutpat, quam pede lobortis ligula, sit amet eleifend pede libero quis orci. Nullam molestie nibh in lectus. Pellentesque at nulla. Suspendisse potenti. Cras in purus eu magna vulputate luctus. Cum sociis natoque penatibus et magnis dis parturient montes, nascetur ridiculus mus. Vivamus vestibulum sagittis sapien.'),
(13, 'fiction', 'Maecenas tincidunt lacus at velit. Vivamus vel nulla eget eros elementum pellentesque. Quisque porta volutpat erat. Quisque erat eros, viverra eget, congue eget, semper rutrum, nulla. Nunc purus. Phasellus in felis. Donec semper sapien a libero. Nam dui. Proin leo odio, porttitor id, consequat in, consequat ut, nulla.'),
(14, 'musical', 'Quisque id justo sit amet sapien dignissim vestibulum. Vestibulum ante ipsum primis in faucibus orci luctus et ultrices posuere cubilia Curae; Nulla dapibus dolor vel est.'),
(15, 'animation', 'Duis bibendum, felis sed interdum venenatis, turpis enim blandit mi, in porttitor pede justo eu massa.');

--
-- Contenu de la table `hobby`
--

INSERT INTO `hobby` (`id_hobby`, `nom_hobby`) VALUES
(1, 'equitation'),
(2, 'natation'),
(3, 'dance'),
(4, 'patinage'),
(5, 'jardinage'),
(6, 'golf'),
(7, 'boxe'),
(8, 'football'),
(9, 'voiture'),
(10, 'course'),
(11, 'cuisine'),
(12, 'velo'),
(13, 'technologie'),
(14, 'randonnee'),
(15, 'bricolage'),
(16, 'lire'),
(17, 'musique'),
(18, 'x');

--
-- Contenu de la table `interet`
--

INSERT INTO `interet` (`id_interet`, `nom_interet`) VALUES
(1, 'equitation'),
(2, 'natation'),
(3, 'dance'),
(4, 'patinage'),
(5, 'jardinage'),
(6, 'golf'),
(7, 'boxe'),
(8, 'football'),
(9, 'voiture'),
(10, 'course'),
(11, 'cuisine'),
(12, 'velo'),
(13, 'technologie'),
(14, 'randonnee'),
(15, 'bricolage'),
(16, 'lire'),
(17, 'musique'),
(18, 'cheval'),
(19, 'chien'),
(20, 'chat'),
(21, 'animaux'),
(22, 'mathématiques'),
(23, 'amour'),
(24, 'péché'),
(25, 'nature'),
(26, 'etoile'),
(27, 'art'),
(28, 'y');

--
-- Contenu de la table `produit`
--

INSERT INTO `produit` (`id_produit`, `nom_produit`, `prix`, `description_produit`, `image`, `note`) VALUES
(1, 'Bear\'s Kiss', 29, 'Nulla ut erat id mauris vulputate elementum. Nullam varius. Nulla facilisi.', 'ante_vel.jpeg', '4'),
(2, 'Kissing a Fool', 29, 'Duis aliquam convallis nunc. Proin at turpis a pede posuere nonummy. Integer non velit.\n\nDonec diam neque, vestibulum eget, vulputate ut, ultrices vel, augue. Vestibulum ante ipsum primis in faucibus orci luctus et ultrices posuere cubilia Curae; Donec pharetra, magna vestibulum aliquet ultrices, erat tortor sollicitudin mi, sit amet lobortis sapien sapien non mi. Integer ac neque.\n\nDuis bibendum. Morbi non quam nec dui luctus rutrum. Nulla tellus.', 'eget_congue.gif', '4'),
(3, 'The Forest', 24, 'Mauris enim leo, rhoncus sed, vestibulum sit amet, cursus id, turpis. Integer aliquet, massa id lobortis convallis, tortor risus dapibus augue, vel accumsan tellus nisi eu orci. Mauris lacinia sapien quis libero.', 'hac.jpeg', '2'),
(4, 'Dinotopia', 38, 'Duis consequat dui nec nisi volutpat eleifend. Donec ut dolor. Morbi vel lectus in quam fringilla rhoncus.\n\nMauris enim leo, rhoncus sed, vestibulum sit amet, cursus id, turpis. Integer aliquet, massa id lobortis convallis, tortor risus dapibus augue, vel accumsan tellus nisi eu orci. Mauris lacinia sapien quis libero.\n\nNullam sit amet turpis elementum ligula vehicula consequat. Morbi a ipsum. Integer a nibh.', 'varius.jpeg', '5'),
(5, 'Far Horizons, The', 35, 'Lorem ipsum dolor sit amet, consectetuer adipiscing elit. Proin risus. Praesent lectus.\n\nVestibulum quam sapien, varius ut, blandit non, interdum in, ante. Vestibulum ante ipsum primis in faucibus orci luctus et ultrices posuere cubilia Curae; Duis faucibus accumsan odio. Curabitur convallis.', 'morbi_ut_odio.png', '3'),
(6, 'Twonky, The', 36, 'Maecenas tristique, est et tempus semper, est quam pharetra magna, ac consequat metus sapien ut nunc. Vestibulum ante ipsum primis in faucibus orci luctus et ultrices posuere cubilia Curae; Mauris viverra diam vitae quam. Suspendisse potenti.\n\nNullam porttitor lacus at turpis. Donec posuere metus vitae ipsum. Aliquam non mauris.', 'diam.tiff', '3'),
(7, 'Song Remains the Same, The', 41, 'Curabitur gravida nisi at nibh. In hac habitasse platea dictumst. Aliquam augue quam, sollicitudin vitae, consectetuer eget, rutrum at, lorem.\n\nInteger tincidunt ante vel ipsum. Praesent blandit lacinia erat. Vestibulum sed magna at nunc commodo placerat.\n\nPraesent blandit. Nam nulla. Integer pede justo, lacinia eget, tincidunt eget, tempus vel, pede.', 'purus_aliquet.gif', '4'),
(8, 'Going Ape!', 22, 'In quis justo. Maecenas rhoncus aliquam lacus. Morbi quis tortor id nulla ultrices aliquet.', 'ipsum_primis.jpeg', '4'),
(9, 'Best Laid Plans', 49, 'Duis consequat dui nec nisi volutpat eleifend. Donec ut dolor. Morbi vel lectus in quam fringilla rhoncus.', 'eget_massa.tiff', '4'),
(10, 'Play Dirty', 46, 'Maecenas ut massa quis augue luctus tincidunt. Nulla mollis molestie lorem. Quisque ut erat.\n\nCurabitur gravida nisi at nibh. In hac habitasse platea dictumst. Aliquam augue quam, sollicitudin vitae, consectetuer eget, rutrum at, lorem.\n\nInteger tincidunt ante vel ipsum. Praesent blandit lacinia erat. Vestibulum sed magna at nunc commodo placerat.', 'sit_amet_nulla.jpeg', '1'),
(11, 'Six-String Samurai', 32, 'Cras mi pede, malesuada in, imperdiet et, commodo vulputate, justo. In blandit ultrices enim. Lorem ipsum dolor sit amet, consectetuer adipiscing elit.\n\nProin interdum mauris non ligula pellentesque ultrices. Phasellus id sapien in sapien iaculis congue. Vivamus metus arcu, adipiscing molestie, hendrerit at, vulputate vitae, nisl.', 'in_porttitor_pede.tiff', '5'),
(12, '13', 44, 'Integer ac leo. Pellentesque ultrices mattis odio. Donec vitae nisi.\n\nNam ultrices, libero non mattis pulvinar, nulla pede ullamcorper augue, a suscipit nulla elit ac nulla. Sed vel enim sit amet nunc viverra dapibus. Nulla suscipit ligula in lacus.\n\nCurabitur at ipsum ac tellus semper interdum. Mauris ullamcorper purus sit amet nulla. Quisque arcu libero, rutrum ac, lobortis vel, dapibus at, diam.', 'sapien.gif', '3'),
(13, 'Boys Don\'t Cry (Chlopaki nie placza)', 15, 'Sed ante. Vivamus tortor. Duis mattis egestas metus.', 'ac_neque.jpeg', '3'),
(14, 'Matter of Taste, A (Affaire de Goût, Une)', 14, 'Cum sociis natoque penatibus et magnis dis parturient montes, nascetur ridiculus mus. Vivamus vestibulum sagittis sapien. Cum sociis natoque penatibus et magnis dis parturient montes, nascetur ridiculus mus.\n\nEtiam vel augue. Vestibulum rutrum rutrum neque. Aenean auctor gravida sem.\n\nPraesent id massa id nisl venenatis lacinia. Aenean sit amet justo. Morbi ut odio.', 'neque_aenean_auctor.gif', '4'),
(15, 'Damned the Day I Met You', 21, 'In hac habitasse platea dictumst. Morbi vestibulum, velit id pretium iaculis, diam erat fermentum justo, nec condimentum neque sapien placerat ante. Nulla justo.\n\nAliquam quis turpis eget elit sodales scelerisque. Mauris sit amet eros. Suspendisse accumsan tortor quis turpis.', 'varius_nulla.jpeg', '4'),
(16, 'Four Sons', 26, 'In congue. Etiam justo. Etiam pretium iaculis justo.\n\nIn hac habitasse platea dictumst. Etiam faucibus cursus urna. Ut tellus.', 'lacus.png', '1'),
(17, 'Riverworld', 36, 'Mauris enim leo, rhoncus sed, vestibulum sit amet, cursus id, turpis. Integer aliquet, massa id lobortis convallis, tortor risus dapibus augue, vel accumsan tellus nisi eu orci. Mauris lacinia sapien quis libero.\n\nNullam sit amet turpis elementum ligula vehicula consequat. Morbi a ipsum. Integer a nibh.\n\nIn quis justo. Maecenas rhoncus aliquam lacus. Morbi quis tortor id nulla ultrices aliquet.', 'fringilla_rhoncus.tiff', '2'),
(18, 'Maradona, the Hand of God (Maradona, la mano di Dio)', 14, 'Nullam sit amet turpis elementum ligula vehicula consequat. Morbi a ipsum. Integer a nibh.\n\nIn quis justo. Maecenas rhoncus aliquam lacus. Morbi quis tortor id nulla ultrices aliquet.', 'amet_nunc.png', '4'),
(19, 'Aziz Ansari: Intimate Moments for a Sensual Evening', 31, 'In hac habitasse platea dictumst. Etiam faucibus cursus urna. Ut tellus.\n\nNulla ut erat id mauris vulputate elementum. Nullam varius. Nulla facilisi.\n\nCras non velit nec nisi vulputate nonummy. Maecenas tincidunt lacus at velit. Vivamus vel nulla eget eros elementum pellentesque.', 'dui_vel.jpeg', '5'),
(20, 'Street Angel', 32, 'Aenean fermentum. Donec ut mauris eget massa tempor convallis. Nulla neque libero, convallis eget, eleifend luctus, ultricies eu, nibh.\n\nQuisque id justo sit amet sapien dignissim vestibulum. Vestibulum ante ipsum primis in faucibus orci luctus et ultrices posuere cubilia Curae; Nulla dapibus dolor vel est. Donec odio justo, sollicitudin ut, suscipit a, feugiat et, eros.', 'rhoncus_aliquet.jpeg', '2'),
(21, 'Conclave, The', 29, 'Duis bibendum, felis sed interdum venenatis, turpis enim blandit mi, in porttitor pede justo eu massa. Donec dapibus. Duis at velit eu est congue elementum.', 'turpis.png', '4'),
(22, 'The Water Diviner', 31, 'Vestibulum quam sapien, varius ut, blandit non, interdum in, ante. Vestibulum ante ipsum primis in faucibus orci luctus et ultrices posuere cubilia Curae; Duis faucibus accumsan odio. Curabitur convallis.\n\nDuis consequat dui nec nisi volutpat eleifend. Donec ut dolor. Morbi vel lectus in quam fringilla rhoncus.\n\nMauris enim leo, rhoncus sed, vestibulum sit amet, cursus id, turpis. Integer aliquet, massa id lobortis convallis, tortor risus dapibus augue, vel accumsan tellus nisi eu orci. Mauris lacinia sapien quis libero.', 'sagittis.tiff', '1'),
(23, 'On a marché sur Bangkok', 45, 'Fusce posuere felis sed lacus. Morbi sem mauris, laoreet ut, rhoncus aliquet, pulvinar sed, nisl. Nunc rhoncus dui vel sem.\n\nSed sagittis. Nam congue, risus semper porta volutpat, quam pede lobortis ligula, sit amet eleifend pede libero quis orci. Nullam molestie nibh in lectus.\n\nPellentesque at nulla. Suspendisse potenti. Cras in purus eu magna vulputate luctus.', 'porttitor_pede_justo.jpeg', '4'),
(24, 'Eggs', 43, 'Donec diam neque, vestibulum eget, vulputate ut, ultrices vel, augue. Vestibulum ante ipsum primis in faucibus orci luctus et ultrices posuere cubilia Curae; Donec pharetra, magna vestibulum aliquet ultrices, erat tortor sollicitudin mi, sit amet lobortis sapien sapien non mi. Integer ac neque.\n\nDuis bibendum. Morbi non quam nec dui luctus rutrum. Nulla tellus.\n\nIn sagittis dui vel nisl. Duis ac nibh. Fusce lacus purus, aliquet at, feugiat non, pretium quis, lectus.', 'semper.jpeg', '2'),
(25, 'Building the Inferno: Nobuo Nakagawa and the Making of \'Jigoku\'', 29, 'Nam ultrices, libero non mattis pulvinar, nulla pede ullamcorper augue, a suscipit nulla elit ac nulla. Sed vel enim sit amet nunc viverra dapibus. Nulla suscipit ligula in lacus.\n\nCurabitur at ipsum ac tellus semper interdum. Mauris ullamcorper purus sit amet nulla. Quisque arcu libero, rutrum ac, lobortis vel, dapibus at, diam.', 'hac.gif', '3'),
(26, 'Melissa P.', 31, 'Suspendisse potenti. In eleifend quam a odio. In hac habitasse platea dictumst.\n\nMaecenas ut massa quis augue luctus tincidunt. Nulla mollis molestie lorem. Quisque ut erat.', 'ante_vestibulum.tiff', '2'),
(27, 'Anchors Aweigh', 19, 'In hac habitasse platea dictumst. Etiam faucibus cursus urna. Ut tellus.', 'at.jpeg', '5'),
(28, 'Teenage Caveman', 26, 'Proin leo odio, porttitor id, consequat in, consequat ut, nulla. Sed accumsan felis. Ut at dolor quis odio consequat varius.\n\nInteger ac leo. Pellentesque ultrices mattis odio. Donec vitae nisi.\n\nNam ultrices, libero non mattis pulvinar, nulla pede ullamcorper augue, a suscipit nulla elit ac nulla. Sed vel enim sit amet nunc viverra dapibus. Nulla suscipit ligula in lacus.', 'justo_in.gif', '2'),
(29, 'Scandal (Shubun)', 30, 'Cras non velit nec nisi vulputate nonummy. Maecenas tincidunt lacus at velit. Vivamus vel nulla eget eros elementum pellentesque.\n\nQuisque porta volutpat erat. Quisque erat eros, viverra eget, congue eget, semper rutrum, nulla. Nunc purus.\n\nPhasellus in felis. Donec semper sapien a libero. Nam dui.', 'praesent.tiff', '1'),
(30, 'Dog\'s Life, A', 39, 'Duis aliquam convallis nunc. Proin at turpis a pede posuere nonummy. Integer non velit.', 'libero.jpeg', '2'),
(31, 'Sky Fighters (Les Chevaliers Du Ciel)', 36, 'Quisque id justo sit amet sapien dignissim vestibulum. Vestibulum ante ipsum primis in faucibus orci luctus et ultrices posuere cubilia Curae; Nulla dapibus dolor vel est. Donec odio justo, sollicitudin ut, suscipit a, feugiat et, eros.', 'sem_praesent.tiff', '5'),
(32, 'Mall Girls (Galerianki)', 24, 'Phasellus in felis. Donec semper sapien a libero. Nam dui.\n\nProin leo odio, porttitor id, consequat in, consequat ut, nulla. Sed accumsan felis. Ut at dolor quis odio consequat varius.', 'aliquam.tiff', '3'),
(33, 'Digging for Fire', 27, 'Cras non velit nec nisi vulputate nonummy. Maecenas tincidunt lacus at velit. Vivamus vel nulla eget eros elementum pellentesque.\n\nQuisque porta volutpat erat. Quisque erat eros, viverra eget, congue eget, semper rutrum, nulla. Nunc purus.\n\nPhasellus in felis. Donec semper sapien a libero. Nam dui.', 'tellus_in.tiff', '2'),
(34, 'Magnificent Obsession', 21, 'Quisque porta volutpat erat. Quisque erat eros, viverra eget, congue eget, semper rutrum, nulla. Nunc purus.', 'vitae_ipsum_aliquam.tiff', '5'),
(35, 'Trixie', 33, 'Nullam sit amet turpis elementum ligula vehicula consequat. Morbi a ipsum. Integer a nibh.', 'nulla.tiff', '2'),
(36, 'Road, Movie', 40, 'Proin interdum mauris non ligula pellentesque ultrices. Phasellus id sapien in sapien iaculis congue. Vivamus metus arcu, adipiscing molestie, hendrerit at, vulputate vitae, nisl.\n\nAenean lectus. Pellentesque eget nunc. Donec quis orci eget orci vehicula condimentum.', 'pellentesque_eget_nunc.tiff', '4'),
(37, 'Rahtree: Flower of the Night (Buppha Rahtree)', 15, 'Cum sociis natoque penatibus et magnis dis parturient montes, nascetur ridiculus mus. Vivamus vestibulum sagittis sapien. Cum sociis natoque penatibus et magnis dis parturient montes, nascetur ridiculus mus.', 'morbi.tiff', '4'),
(38, 'Christopher Strong', 50, 'Cras mi pede, malesuada in, imperdiet et, commodo vulputate, justo. In blandit ultrices enim. Lorem ipsum dolor sit amet, consectetuer adipiscing elit.\n\nProin interdum mauris non ligula pellentesque ultrices. Phasellus id sapien in sapien iaculis congue. Vivamus metus arcu, adipiscing molestie, hendrerit at, vulputate vitae, nisl.\n\nAenean lectus. Pellentesque eget nunc. Donec quis orci eget orci vehicula condimentum.', 'hac_habitasse_platea.jpeg', '2'),
(39, 'Violets Are Blue...', 35, 'Duis bibendum. Morbi non quam nec dui luctus rutrum. Nulla tellus.\n\nIn sagittis dui vel nisl. Duis ac nibh. Fusce lacus purus, aliquet at, feugiat non, pretium quis, lectus.', 'aliquam_quis_turpis.gif', '1'),
(40, 'Bank, The', 44, 'Fusce consequat. Nulla nisl. Nunc nisl.\n\nDuis bibendum, felis sed interdum venenatis, turpis enim blandit mi, in porttitor pede justo eu massa. Donec dapibus. Duis at velit eu est congue elementum.\n\nIn hac habitasse platea dictumst. Morbi vestibulum, velit id pretium iaculis, diam erat fermentum justo, nec condimentum neque sapien placerat ante. Nulla justo.', 'luctus.png', '5'),
(41, 'Calling Dr. Gillespie', 20, 'Integer ac leo. Pellentesque ultrices mattis odio. Donec vitae nisi.', 'convallis_duis.tiff', '4'),
(42, 'Lilya 4-Ever (Lilja 4-ever)', 38, 'Fusce posuere felis sed lacus. Morbi sem mauris, laoreet ut, rhoncus aliquet, pulvinar sed, nisl. Nunc rhoncus dui vel sem.', 'dapibus_duis.png', '4'),
(43, 'Alley Cats, The', 37, 'Curabitur gravida nisi at nibh. In hac habitasse platea dictumst. Aliquam augue quam, sollicitudin vitae, consectetuer eget, rutrum at, lorem.\n\nInteger tincidunt ante vel ipsum. Praesent blandit lacinia erat. Vestibulum sed magna at nunc commodo placerat.', 'sit.tiff', '4'),
(44, 'Eva', 16, 'Curabitur gravida nisi at nibh. In hac habitasse platea dictumst. Aliquam augue quam, sollicitudin vitae, consectetuer eget, rutrum at, lorem.', 'mauris_vulputate.png', '4'),
(45, 'Conspiracy', 24, 'Donec diam neque, vestibulum eget, vulputate ut, ultrices vel, augue. Vestibulum ante ipsum primis in faucibus orci luctus et ultrices posuere cubilia Curae; Donec pharetra, magna vestibulum aliquet ultrices, erat tortor sollicitudin mi, sit amet lobortis sapien sapien non mi. Integer ac neque.\n\nDuis bibendum. Morbi non quam nec dui luctus rutrum. Nulla tellus.', 'quis_odio_consequat.tiff', '3'),
(46, 'Starsky & Hutch', 31, 'Duis aliquam convallis nunc. Proin at turpis a pede posuere nonummy. Integer non velit.\n\nDonec diam neque, vestibulum eget, vulputate ut, ultrices vel, augue. Vestibulum ante ipsum primis in faucibus orci luctus et ultrices posuere cubilia Curae; Donec pharetra, magna vestibulum aliquet ultrices, erat tortor sollicitudin mi, sit amet lobortis sapien sapien non mi. Integer ac neque.\n\nDuis bibendum. Morbi non quam nec dui luctus rutrum. Nulla tellus.', 'id_nisl.png', '3'),
(47, 'Law and Order', 26, 'Etiam vel augue. Vestibulum rutrum rutrum neque. Aenean auctor gravida sem.\n\nPraesent id massa id nisl venenatis lacinia. Aenean sit amet justo. Morbi ut odio.\n\nCras mi pede, malesuada in, imperdiet et, commodo vulputate, justo. In blandit ultrices enim. Lorem ipsum dolor sit amet, consectetuer adipiscing elit.', 'venenatis.tiff', '3'),
(48, 'Bus 174 (Ônibus 174)', 17, 'Sed ante. Vivamus tortor. Duis mattis egestas metus.\n\nAenean fermentum. Donec ut mauris eget massa tempor convallis. Nulla neque libero, convallis eget, eleifend luctus, ultricies eu, nibh.\n\nQuisque id justo sit amet sapien dignissim vestibulum. Vestibulum ante ipsum primis in faucibus orci luctus et ultrices posuere cubilia Curae; Nulla dapibus dolor vel est. Donec odio justo, sollicitudin ut, suscipit a, feugiat et, eros.', 'amet_consectetuer.jpeg', '1'),
(49, 'Côte d\'Azur (Crustacés et coquillages)', 27, 'Lorem ipsum dolor sit amet, consectetuer adipiscing elit. Proin risus. Praesent lectus.\n\nVestibulum quam sapien, varius ut, blandit non, interdum in, ante. Vestibulum ante ipsum primis in faucibus orci luctus et ultrices posuere cubilia Curae; Duis faucibus accumsan odio. Curabitur convallis.', 'mattis_nibh.tiff', '2'),
(50, 'Computer Wore Tennis Shoes, The', 48, 'Aliquam quis turpis eget elit sodales scelerisque. Mauris sit amet eros. Suspendisse accumsan tortor quis turpis.\n\nSed ante. Vivamus tortor. Duis mattis egestas metus.\n\nAenean fermentum. Donec ut mauris eget massa tempor convallis. Nulla neque libero, convallis eget, eleifend luctus, ultricies eu, nibh.', 'convallis_tortor.jpeg', '1'),
(51, 'Uncle Buck', 31, 'In congue. Etiam justo. Etiam pretium iaculis justo.\n\nIn hac habitasse platea dictumst. Etiam faucibus cursus urna. Ut tellus.\n\nNulla ut erat id mauris vulputate elementum. Nullam varius. Nulla facilisi.', 'odio_cras.jpeg', '5'),
(52, 'Hitler: A Film from Germany (Hitler - ein Film aus Deutschland)', 21, 'Lorem ipsum dolor sit amet, consectetuer adipiscing elit. Proin risus. Praesent lectus.', 'lacus_at.jpeg', '2'),
(53, 'Descent: Part 2, The', 45, 'In sagittis dui vel nisl. Duis ac nibh. Fusce lacus purus, aliquet at, feugiat non, pretium quis, lectus.', 'quisque_ut_erat.gif', '1'),
(54, 'Intermezzo', 34, 'In hac habitasse platea dictumst. Etiam faucibus cursus urna. Ut tellus.\n\nNulla ut erat id mauris vulputate elementum. Nullam varius. Nulla facilisi.', 'scelerisque.gif', '4'),
(55, 'Dark Tide', 34, 'Maecenas tristique, est et tempus semper, est quam pharetra magna, ac consequat metus sapien ut nunc. Vestibulum ante ipsum primis in faucibus orci luctus et ultrices posuere cubilia Curae; Mauris viverra diam vitae quam. Suspendisse potenti.\n\nNullam porttitor lacus at turpis. Donec posuere metus vitae ipsum. Aliquam non mauris.', 'sit.jpeg', '2'),
(56, 'Caiman, The (Il caimano)', 33, 'Fusce consequat. Nulla nisl. Nunc nisl.\n\nDuis bibendum, felis sed interdum venenatis, turpis enim blandit mi, in porttitor pede justo eu massa. Donec dapibus. Duis at velit eu est congue elementum.\n\nIn hac habitasse platea dictumst. Morbi vestibulum, velit id pretium iaculis, diam erat fermentum justo, nec condimentum neque sapien placerat ante. Nulla justo.', 'luctus_ultricies.jpeg', '2'),
(57, 'From Within', 16, 'In quis justo. Maecenas rhoncus aliquam lacus. Morbi quis tortor id nulla ultrices aliquet.\n\nMaecenas leo odio, condimentum id, luctus nec, molestie sed, justo. Pellentesque viverra pede ac diam. Cras pellentesque volutpat dui.\n\nMaecenas tristique, est et tempus semper, est quam pharetra magna, ac consequat metus sapien ut nunc. Vestibulum ante ipsum primis in faucibus orci luctus et ultrices posuere cubilia Curae; Mauris viverra diam vitae quam. Suspendisse potenti.', 'consequat_metus.jpeg', '3'),
(58, 'Operation Pacific', 20, 'Proin eu mi. Nulla ac enim. In tempor, turpis nec euismod scelerisque, quam turpis adipiscing lorem, vitae mattis nibh ligula nec sem.\n\nDuis aliquam convallis nunc. Proin at turpis a pede posuere nonummy. Integer non velit.\n\nDonec diam neque, vestibulum eget, vulputate ut, ultrices vel, augue. Vestibulum ante ipsum primis in faucibus orci luctus et ultrices posuere cubilia Curae; Donec pharetra, magna vestibulum aliquet ultrices, erat tortor sollicitudin mi, sit amet lobortis sapien sapien non mi. Integer ac neque.', 'nonummy_integer.tiff', '4'),
(59, 'Suite Française', 21, 'In congue. Etiam justo. Etiam pretium iaculis justo.\n\nIn hac habitasse platea dictumst. Etiam faucibus cursus urna. Ut tellus.', 'morbi_a_ipsum.tiff', '4'),
(60, 'Lords of Salem, The', 34, 'Lorem ipsum dolor sit amet, consectetuer adipiscing elit. Proin risus. Praesent lectus.\n\nVestibulum quam sapien, varius ut, blandit non, interdum in, ante. Vestibulum ante ipsum primis in faucibus orci luctus et ultrices posuere cubilia Curae; Duis faucibus accumsan odio. Curabitur convallis.', 'libero_nam_dui.jpeg', '4'),
(61, 'Teorema', 22, 'In congue. Etiam justo. Etiam pretium iaculis justo.', 'ridiculus.tiff', '2'),
(62, 'Kismet', 22, 'In congue. Etiam justo. Etiam pretium iaculis justo.', 'proin_eu.tiff', '2'),
(63, 'Iron Jawed Angels', 44, 'Quisque porta volutpat erat. Quisque erat eros, viverra eget, congue eget, semper rutrum, nulla. Nunc purus.\n\nPhasellus in felis. Donec semper sapien a libero. Nam dui.\n\nProin leo odio, porttitor id, consequat in, consequat ut, nulla. Sed accumsan felis. Ut at dolor quis odio consequat varius.', 'nisl_nunc.jpeg', '4'),
(64, 'How High', 18, 'Maecenas leo odio, condimentum id, luctus nec, molestie sed, justo. Pellentesque viverra pede ac diam. Cras pellentesque volutpat dui.', 'sit.png', '3'),
(65, 'Kill Switch', 41, 'Maecenas ut massa quis augue luctus tincidunt. Nulla mollis molestie lorem. Quisque ut erat.\n\nCurabitur gravida nisi at nibh. In hac habitasse platea dictumst. Aliquam augue quam, sollicitudin vitae, consectetuer eget, rutrum at, lorem.\n\nInteger tincidunt ante vel ipsum. Praesent blandit lacinia erat. Vestibulum sed magna at nunc commodo placerat.', 'orci.jpeg', '1'),
(66, 'Black Cat, The', 14, 'Morbi porttitor lorem id ligula. Suspendisse ornare consequat lectus. In est risus, auctor sed, tristique in, tempus sit amet, sem.', 'sociis_natoque_penatibus.gif', '3'),
(67, 'Kids in the Hall: Brain Candy', 17, 'Nulla ut erat id mauris vulputate elementum. Nullam varius. Nulla facilisi.', 'nibh_ligula.png', '5'),
(68, 'Most Beautiful, The (Ichiban utsukushiku)', 39, 'Maecenas leo odio, condimentum id, luctus nec, molestie sed, justo. Pellentesque viverra pede ac diam. Cras pellentesque volutpat dui.', 'duis_aliquam_convallis.jpeg', '3'),
(69, 'Safe Men', 50, 'Nullam porttitor lacus at turpis. Donec posuere metus vitae ipsum. Aliquam non mauris.\n\nMorbi non lectus. Aliquam sit amet diam in magna bibendum imperdiet. Nullam orci pede, venenatis non, sodales sed, tincidunt eu, felis.\n\nFusce posuere felis sed lacus. Morbi sem mauris, laoreet ut, rhoncus aliquet, pulvinar sed, nisl. Nunc rhoncus dui vel sem.', 'vel.jpeg', '3'),
(70, 'This Ain\'t California', 34, 'Curabitur in libero ut massa volutpat convallis. Morbi odio odio, elementum eu, interdum eu, tincidunt in, leo. Maecenas pulvinar lobortis est.\n\nPhasellus sit amet erat. Nulla tempus. Vivamus in felis eu sapien cursus vestibulum.\n\nProin eu mi. Nulla ac enim. In tempor, turpis nec euismod scelerisque, quam turpis adipiscing lorem, vitae mattis nibh ligula nec sem.', 'quam_sollicitudin.jpeg', '5'),
(71, 'Nô', 37, 'Praesent id massa id nisl venenatis lacinia. Aenean sit amet justo. Morbi ut odio.\n\nCras mi pede, malesuada in, imperdiet et, commodo vulputate, justo. In blandit ultrices enim. Lorem ipsum dolor sit amet, consectetuer adipiscing elit.\n\nProin interdum mauris non ligula pellentesque ultrices. Phasellus id sapien in sapien iaculis congue. Vivamus metus arcu, adipiscing molestie, hendrerit at, vulputate vitae, nisl.', 'mauris_lacinia.gif', '4'),
(72, 'Churchill: The Hollywood Years', 20, 'Proin leo odio, porttitor id, consequat in, consequat ut, nulla. Sed accumsan felis. Ut at dolor quis odio consequat varius.', 'odio.png', '1'),
(73, 'Mitä meistä tuli', 40, 'Sed ante. Vivamus tortor. Duis mattis egestas metus.\n\nAenean fermentum. Donec ut mauris eget massa tempor convallis. Nulla neque libero, convallis eget, eleifend luctus, ultricies eu, nibh.', 'mi.tiff', '4'),
(74, 'Wings of Hope (Julianes Sturz in den Dschungel)', 45, 'Proin leo odio, porttitor id, consequat in, consequat ut, nulla. Sed accumsan felis. Ut at dolor quis odio consequat varius.', 'tempus.tiff', '5'),
(75, 'Character (Karakter)', 24, 'In quis justo. Maecenas rhoncus aliquam lacus. Morbi quis tortor id nulla ultrices aliquet.\n\nMaecenas leo odio, condimentum id, luctus nec, molestie sed, justo. Pellentesque viverra pede ac diam. Cras pellentesque volutpat dui.\n\nMaecenas tristique, est et tempus semper, est quam pharetra magna, ac consequat metus sapien ut nunc. Vestibulum ante ipsum primis in faucibus orci luctus et ultrices posuere cubilia Curae; Mauris viverra diam vitae quam. Suspendisse potenti.', 'mauris_viverra_diam.gif', '3'),
(76, 'Beautiful Girl', 45, 'Cras mi pede, malesuada in, imperdiet et, commodo vulputate, justo. In blandit ultrices enim. Lorem ipsum dolor sit amet, consectetuer adipiscing elit.\n\nProin interdum mauris non ligula pellentesque ultrices. Phasellus id sapien in sapien iaculis congue. Vivamus metus arcu, adipiscing molestie, hendrerit at, vulputate vitae, nisl.\n\nAenean lectus. Pellentesque eget nunc. Donec quis orci eget orci vehicula condimentum.', 'tincidunt_lacus_at.jpeg', '4'),
(77, 'Paranoia', 31, 'Nullam sit amet turpis elementum ligula vehicula consequat. Morbi a ipsum. Integer a nibh.', 'id_sapien_in.tiff', '4'),
(78, 'Less is More (Menos es más)', 22, 'Nullam porttitor lacus at turpis. Donec posuere metus vitae ipsum. Aliquam non mauris.\n\nMorbi non lectus. Aliquam sit amet diam in magna bibendum imperdiet. Nullam orci pede, venenatis non, sodales sed, tincidunt eu, felis.\n\nFusce posuere felis sed lacus. Morbi sem mauris, laoreet ut, rhoncus aliquet, pulvinar sed, nisl. Nunc rhoncus dui vel sem.', 'elit_sodales.tiff', '1'),
(79, 'Pretty Cool', 21, 'Nullam sit amet turpis elementum ligula vehicula consequat. Morbi a ipsum. Integer a nibh.', 'diam_nam_tristique.gif', '2'),
(80, 'Run If You Can', 44, 'Mauris enim leo, rhoncus sed, vestibulum sit amet, cursus id, turpis. Integer aliquet, massa id lobortis convallis, tortor risus dapibus augue, vel accumsan tellus nisi eu orci. Mauris lacinia sapien quis libero.\n\nNullam sit amet turpis elementum ligula vehicula consequat. Morbi a ipsum. Integer a nibh.', 'lacus_purus_aliquet.jpeg', '2'),
(81, 'Earth Girls Are Easy', 10, 'In hac habitasse platea dictumst. Etiam faucibus cursus urna. Ut tellus.\n\nNulla ut erat id mauris vulputate elementum. Nullam varius. Nulla facilisi.', 'ut_erat_curabitur.tiff', '3'),
(82, 'Monte Carlo', 48, 'Curabitur gravida nisi at nibh. In hac habitasse platea dictumst. Aliquam augue quam, sollicitudin vitae, consectetuer eget, rutrum at, lorem.\n\nInteger tincidunt ante vel ipsum. Praesent blandit lacinia erat. Vestibulum sed magna at nunc commodo placerat.\n\nPraesent blandit. Nam nulla. Integer pede justo, lacinia eget, tincidunt eget, tempus vel, pede.', 'non_ligula_pellentesque.jpeg', '1'),
(83, 'Shadow People', 29, 'Nullam sit amet turpis elementum ligula vehicula consequat. Morbi a ipsum. Integer a nibh.\n\nIn quis justo. Maecenas rhoncus aliquam lacus. Morbi quis tortor id nulla ultrices aliquet.', 'egestas.png', '3'),
(84, 'Death Rides a Horse (Da uomo a uomo)', 22, 'Etiam vel augue. Vestibulum rutrum rutrum neque. Aenean auctor gravida sem.', 'vestibulum.jpeg', '3'),
(85, 'I Bought a Vampire Motorcycle', 26, 'Duis bibendum. Morbi non quam nec dui luctus rutrum. Nulla tellus.\n\nIn sagittis dui vel nisl. Duis ac nibh. Fusce lacus purus, aliquet at, feugiat non, pretium quis, lectus.', 'non_pretium.jpeg', '3'),
(86, 'Getting Even with Dad', 32, 'Donec diam neque, vestibulum eget, vulputate ut, ultrices vel, augue. Vestibulum ante ipsum primis in faucibus orci luctus et ultrices posuere cubilia Curae; Donec pharetra, magna vestibulum aliquet ultrices, erat tortor sollicitudin mi, sit amet lobortis sapien sapien non mi. Integer ac neque.', 'convallis_eget_eleifend.jpeg', '5'),
(87, 'Married to the Mob', 32, 'Proin interdum mauris non ligula pellentesque ultrices. Phasellus id sapien in sapien iaculis congue. Vivamus metus arcu, adipiscing molestie, hendrerit at, vulputate vitae, nisl.\n\nAenean lectus. Pellentesque eget nunc. Donec quis orci eget orci vehicula condimentum.\n\nCurabitur in libero ut massa volutpat convallis. Morbi odio odio, elementum eu, interdum eu, tincidunt in, leo. Maecenas pulvinar lobortis est.', 'etiam_justo_etiam.tiff', '4'),
(88, 'Sleep Furiously', 23, 'Maecenas tristique, est et tempus semper, est quam pharetra magna, ac consequat metus sapien ut nunc. Vestibulum ante ipsum primis in faucibus orci luctus et ultrices posuere cubilia Curae; Mauris viverra diam vitae quam. Suspendisse potenti.', 'dolor.png', '4'),
(89, 'Unprecedented: The 2000 Presidential Election', 15, 'Vestibulum ac est lacinia nisi venenatis tristique. Fusce congue, diam id ornare imperdiet, sapien urna pretium nisl, ut volutpat sapien arcu sed augue. Aliquam erat volutpat.\n\nIn congue. Etiam justo. Etiam pretium iaculis justo.\n\nIn hac habitasse platea dictumst. Etiam faucibus cursus urna. Ut tellus.', 'at.tiff', '5'),
(90, 'Even the Rain (También la lluvia)', 21, 'Proin leo odio, porttitor id, consequat in, consequat ut, nulla. Sed accumsan felis. Ut at dolor quis odio consequat varius.\n\nInteger ac leo. Pellentesque ultrices mattis odio. Donec vitae nisi.', 'cum_sociis.tiff', '2'),
(91, 'Antarctica', 48, 'Sed sagittis. Nam congue, risus semper porta volutpat, quam pede lobortis ligula, sit amet eleifend pede libero quis orci. Nullam molestie nibh in lectus.\n\nPellentesque at nulla. Suspendisse potenti. Cras in purus eu magna vulputate luctus.\n\nCum sociis natoque penatibus et magnis dis parturient montes, nascetur ridiculus mus. Vivamus vestibulum sagittis sapien. Cum sociis natoque penatibus et magnis dis parturient montes, nascetur ridiculus mus.', 'faucibus_orci.png', '2'),
(92, 'All Over Me', 31, 'Quisque id justo sit amet sapien dignissim vestibulum. Vestibulum ante ipsum primis in faucibus orci luctus et ultrices posuere cubilia Curae; Nulla dapibus dolor vel est. Donec odio justo, sollicitudin ut, suscipit a, feugiat et, eros.', 'purus_eu_magna.tiff', '2'),
(93, 'Fork in the Road, A', 33, 'Morbi porttitor lorem id ligula. Suspendisse ornare consequat lectus. In est risus, auctor sed, tristique in, tempus sit amet, sem.', 'semper_est.jpeg', '3'),
(94, 'Tank Girl', 11, 'Aliquam quis turpis eget elit sodales scelerisque. Mauris sit amet eros. Suspendisse accumsan tortor quis turpis.', 'ut_suscipit.gif', '4'),
(95, 'Liberty Stands Still', 47, 'Curabitur at ipsum ac tellus semper interdum. Mauris ullamcorper purus sit amet nulla. Quisque arcu libero, rutrum ac, lobortis vel, dapibus at, diam.', 'adipiscing_molestie_hendrerit.tiff', '3'),
(96, 'Storm Center', 49, 'Aenean lectus. Pellentesque eget nunc. Donec quis orci eget orci vehicula condimentum.\n\nCurabitur in libero ut massa volutpat convallis. Morbi odio odio, elementum eu, interdum eu, tincidunt in, leo. Maecenas pulvinar lobortis est.', 'volutpat_erat.png', '5'),
(97, 'This So-Called Disaster', 44, 'In hac habitasse platea dictumst. Morbi vestibulum, velit id pretium iaculis, diam erat fermentum justo, nec condimentum neque sapien placerat ante. Nulla justo.\n\nAliquam quis turpis eget elit sodales scelerisque. Mauris sit amet eros. Suspendisse accumsan tortor quis turpis.', 'dis.gif', '2'),
(98, 'Funeral, The (Ososhiki)', 21, 'In sagittis dui vel nisl. Duis ac nibh. Fusce lacus purus, aliquet at, feugiat non, pretium quis, lectus.\n\nSuspendisse potenti. In eleifend quam a odio. In hac habitasse platea dictumst.', 'eget_eros_elementum.jpeg', '4'),
(99, 'About Alex', 47, 'Maecenas ut massa quis augue luctus tincidunt. Nulla mollis molestie lorem. Quisque ut erat.', 'libero_nam.jpeg', '4'),
(100, 'Feuer, Eis & Dosenbier', 41, 'Maecenas ut massa quis augue luctus tincidunt. Nulla mollis molestie lorem. Quisque ut erat.', 'sit_amet.tiff', '4'),
(101, 'Lovely', 15, 'Lovely is a film about lovely ', '', '1');

--
-- Contenu de la table `produit_categorie`
--

INSERT INTO `produit_categorie` (`id_produit`, `id_categorie`) VALUES
(2, 5),
(3, 6),
(4, 3),
(5, 5),
(6, 12),
(7, 8),
(7, 14),
(8, 8),
(8, 14),
(9, 5),
(10, 11),
(10, 14),
(11, 15),
(12, 2),
(12, 10),
(12, 11),
(12, 13),
(13, 5),
(14, 9),
(15, 11),
(15, 14),
(16, 10),
(16, 15),
(17, 10),
(17, 13),
(18, 2),
(18, 7),
(19, 10),
(19, 13),
(20, 4),
(20, 15),
(21, 6),
(22, 11),
(22, 14),
(23, 10),
(24, 2),
(25, 10),
(26, 12),
(26, 14),
(27, 15),
(28, 4),
(30, 6),
(30, 15),
(34, 9),
(39, 7),
(39, 11),
(45, 12),
(45, 13),
(49, 4),
(51, 8),
(51, 9),
(55, 4),
(55, 6),
(56, 4),
(58, 11),
(71, 6),
(77, 5),
(80, 9),
(81, 13),
(85, 3),
(87, 8),
(88, 6),
(92, 14),
(100, 2),
(100, 10);

--
-- Contenu de la table `user`
--

INSERT INTO `user` (`id_user`, `prenom_user`, `nom_user`, `genre`, `date_naissance`, `addresse`, `email`, `mot_de_passe`, `statut`) VALUES
(1, 'Shae', 'Beau', 'Male', '1991-03-02', '1 Longview Drive', 'sbeau0@cmu.edu', '3WdhKmgN5ARb', 'admin'),
(2, 'Natal', 'Polglaze', 'Male', '2000-12-12', '9 Elka Hill', 'npolglaze1@hc360.com', 'U1KJhI5', 'visiteur'),
(3, 'Maure', 'Dumingos', 'Female', '2007-07-22', '59703 Mandrake Point', 'mdumingos2@google.com.hk', 'C34hi3', 'visiteur'),
(4, 'Kassi', 'Gepp', 'Female', '1975-04-09', '2357 Grover Drive', 'kgepp3@xing.com', 'IOAO2lM5b3V', 'admin'),
(5, 'Nerty', 'Gawthorpe', 'Female', '2006-06-20', '8621 Messerschmidt Parkway', 'ngawthorpe4@independent.co.uk', '8potwEmA3', 'admin'),
(6, 'Ettore', 'Jannings', 'Male', '1997-08-23', '76616 Oakridge Lane', 'ejannings5@huffingtonpost.com', 'VIiVGM', 'visiteur'),
(7, 'Eddie', 'Belli', 'Female', '1964-07-30', '5852 Weeping Birch Place', 'ebelli6@sun.com', 'U5hvqRwQP', 'visiteur'),
(8, 'Hardy', 'Kneath', 'Male', '1966-03-05', '495 Lukken Place', 'hkneath7@dell.com', 'ipjdoy', 'admin'),
(9, 'Del', 'Dendle', 'Female', '1990-12-27', '36 Norway Maple Plaza', 'ddendle8@craigslist.org', 'sTwwuNOyte', 'admin'),
(10, 'Joby', 'Walaron', 'Female', '1991-02-28', '929 Daystar Terrace', 'jwalaron9@blogspot.com', 'fV2EOFsdUeRS', 'admin'),
(11, 'Rutledge', 'Moyles', 'Male', '1982-12-31', '0 Brickson Park Junction', 'rmoylesa@netvibes.com', 'OwF9md', 'admin'),
(12, 'Iggy', 'Bento', 'Male', '1990-06-03', '8 Mifflin Way', 'ibentob@yale.edu', 'wGpX4jo', 'visiteur'),
(13, 'Kiley', 'Aireton', 'Female', '2011-01-28', '62767 Kropf Junction', 'kairetonc@senate.gov', 'WRLlDxBov', 'admin'),
(14, 'Shurlock', 'Goodredge', 'Male', '1984-01-04', '45688 Sachtjen Trail', 'sgoodredged@printfriendly.com', 'y3JtwdL', 'visiteur'),
(15, 'Crystie', 'Cuddihy', 'Female', '1998-10-09', '71 Barnett Pass', 'ccuddihye@oracle.com', 'nXf23v', 'visiteur'),
(16, 'Myrtle', 'Dauby', 'Female', '2017-01-05', '51898 Talisman Hill', 'mdaubyf@mozilla.com', 'X56l6XLWD', 'admin'),
(17, 'Noel', 'Dunkirk', 'Male', '1964-08-18', '87480 Glendale Parkway', 'ndunkirkg@edublogs.org', 'XxAw2I', 'visiteur'),
(18, 'Wendell', 'McNirlan', 'Male', '1975-08-18', '889 Debs Terrace', 'wmcnirlanh@reference.com', 'cfdJgq7ECVX', 'admin'),
(19, 'Emogene', 'Burvill', 'Female', '1982-01-15', '4648 Memorial Way', 'eburvilli@geocities.com', 'iNKD42YHR', 'visiteur'),
(20, 'Cristina', 'Ingilson', 'Female', '1983-06-06', '5 Johnson Plaza', 'cingilsonj@bing.com', 'uA7UfBJq1Px', 'admin'),
(21, 'Aluin', 'Matyushonok', 'Male', '2005-03-09', '84 Marcy Trail', 'amatyushonokk@skyrock.com', 'E0l6qyFrv7I', 'admin'),
(22, 'Aubrette', 'Flude', 'Female', '1969-01-10', '14323 Pierstorff Circle', 'afludel@mit.edu', 'qG9Z3wojbPZ', 'visiteur'),
(23, 'Jervis', 'Cummings', 'Male', '1968-11-15', '554 Bobwhite Parkway', 'jcummingsm@devhub.com', 'zFHXQlrYYvzi', 'admin'),
(24, 'North', 'Easthope', 'Male', '1990-06-27', '426 West Plaza', 'neasthopen@ucoz.com', '80eUUd', 'admin'),
(25, 'Justus', 'Owenson', 'Male', '1974-07-31', '4383 Pankratz Trail', 'jowensono@goodreads.com', 'HeiGfVVUU', 'visiteur'),
(26, 'Erin', 'Mumbray', 'Female', '1976-09-16', '7327 Oxford Place', 'emumbrayp@google.ca', 'zb05Cs', 'admin'),
(27, 'Maximilianus', 'Coplestone', 'Male', '1972-03-18', '599 Vera Trail', 'mcoplestoneq@live.com', 'sPHEPbju', 'admin'),
(28, 'Rosamund', 'Clerk', 'Female', '2002-10-22', '20 Canary Circle', 'rclerkr@1und1.de', 'tfIaZbrJZ', 'admin'),
(29, 'Conny', 'Malham', 'Female', '2000-10-29', '118 Manitowish Drive', 'cmalhams@smh.com.au', 'TIrMLC', 'visiteur'),
(30, 'Marlene', 'Osbourne', 'Female', '1963-07-28', '532 Badeau Park', 'mosbournet@123-reg.co.uk', 'ga1qlExO576', 'admin'),
(31, 'Vail', 'Tanfield', 'Male', '1978-05-16', '22323 Rowland Circle', 'vtanfieldu@yahoo.com', 'QQGQEQ', 'visiteur'),
(32, 'Georgianne', 'Vernay', 'Female', '1980-02-29', '11971 Heath Parkway', 'gvernayv@spotify.com', 'DquJP59Nl', 'admin'),
(33, 'Barbette', 'Llorente', 'Female', '2016-04-09', '76231 Blackbird Pass', 'bllorentew@upenn.edu', 'kbRwLhl', 'visiteur'),
(34, 'Jarrad', 'Donwell', 'Male', '1986-03-06', '99 Sage Lane', 'jdonwellx@cafepress.com', 'KYnHErej', 'admin'),
(35, 'Penn', 'Kalinke', 'Male', '1986-06-28', '10 Tennyson Hill', 'pkalinkey@google.com.br', 'Q8zEZHa', 'visiteur'),
(36, 'Melina', 'Guilfoyle', 'Female', '2002-03-03', '184 Pepper Wood Street', 'mguilfoylez@merriam-webster.com', 'AS5QV94rUKRi', 'visiteur'),
(37, 'Lulu', 'Prosh', 'Female', '2006-03-17', '176 Merrick Plaza', 'lprosh10@utexas.edu', '07PTbLB8mu', 'admin'),
(38, 'Rosa', 'Nice', 'Female', '1961-08-20', '341 Clemons Place', 'rnice11@ihg.com', 'm99O2Bq79', 'admin'),
(39, 'Vanni', 'Mathissen', 'Female', '1966-07-11', '34553 Almo Court', 'vmathissen12@thetimes.co.uk', 'cuCzKELc2a', 'visiteur'),
(40, 'Yvon', 'Marking', 'Male', '1982-09-29', '24 Elgar Lane', 'ymarking13@facebook.com', 'tmXTPB6', 'admin'),
(41, 'Dode', 'Shavel', 'Female', '1999-01-14', '49864 Prairieview Trail', 'dshavel14@yolasite.com', 'jeXPJGu3qbC', 'admin'),
(42, 'Virge', 'Bernardotti', 'Male', '2010-01-18', '37 Claremont Lane', 'vbernardotti15@independent.co.uk', '9niUz64QZ', 'visiteur'),
(43, 'Hi', 'Ratter', 'Male', '2016-10-21', '17408 Truax Parkway', 'hratter16@un.org', '2m1LsGKBe9S', 'visiteur'),
(44, 'Perrine', 'Ferier', 'Female', '1968-01-20', '9889 Corben Pass', 'pferier17@omniture.com', 'S8GaqbgOt', 'visiteur'),
(45, 'Pierce', 'Jeacop', 'Male', '1987-12-02', '1 Roxbury Plaza', 'pjeacop18@nytimes.com', 'xXZ4qqySSK', 'admin'),
(46, 'Vernice', 'Oxtaby', 'Female', '1976-06-08', '53121 Morning Way', 'voxtaby19@ow.ly', 'P9lmdlWZ', 'visiteur'),
(47, 'Shelbi', 'Balleine', 'Female', '1993-02-10', '6 Schurz Junction', 'sballeine1a@apple.com', 'hIZwSpv76', 'visiteur'),
(48, 'Gery', 'Dumblton', 'Male', '1974-12-18', '2 La Follette Alley', 'gdumblton1b@ox.ac.uk', 'Ip57Qs', 'visiteur'),
(49, 'Viki', 'Mallord', 'Female', '1966-09-14', '69 Eggendart Drive', 'vmallord1c@netscape.com', 'JQ4btkI92', 'visiteur'),
(50, 'Milena', 'Normaville', 'Female', '1973-08-22', '694 Mockingbird Trail', 'mnormaville1d@state.tx.us', 'HrmapD', 'admin'),
(51, 'Selena', 'Poston', 'Female', '2001-06-09', '70968 Utah Park', 'sposton1e@topsy.com', 'zuB4DEOsfRb', 'visiteur'),
(52, 'Chandler', 'MacMurray', 'Male', '1990-10-31', '8177 Bluestem Avenue', 'cmacmurray1f@house.gov', 'mNkykvXYnUAf', 'admin'),
(53, 'Boycie', 'Northin', 'Male', '2006-09-04', '9 Russell Hill', 'bnorthin1g@msn.com', 'EWCLDVunMI', 'admin'),
(54, 'Felicle', 'Lannon', 'Female', '2004-02-21', '42418 Pawling Alley', 'flannon1h@sun.com', 'yKdvwqkC', 'admin'),
(55, 'Hamid', 'Ions', 'Male', '1964-09-28', '38 Sherman Lane', 'hions1i@dagondesign.com', 'TGQkfLf', 'visiteur'),
(56, 'Luis', 'Raitie', 'Male', '1966-10-29', '301 Division Plaza', 'lraitie1j@arstechnica.com', 'dlw8ExJV', 'visiteur'),
(57, 'Tommie', 'Grishenkov', 'Male', '1990-03-04', '84 Novick Street', 'tgrishenkov1k@intel.com', '3EReajPTs8', 'visiteur'),
(58, 'Cheryl', 'Fryatt', 'Female', '1962-09-14', '77538 Butternut Parkway', 'cfryatt1l@dmoz.org', '7IDcFUl2XP', 'admin'),
(59, 'Welby', 'Lenglet', 'Male', '1975-12-08', '5257 Westend Crossing', 'wlenglet1m@unc.edu', 'VtqKRbyT5', 'visiteur'),
(60, 'Mayor', 'Danby', 'Male', '1963-05-29', '40 Straubel Pass', 'mdanby1n@europa.eu', 'PZRT4Yt3xO', 'admin'),
(61, 'Brandais', 'Pagram', 'Female', '1966-02-04', '531 Lakeland Point', 'bpagram1o@skype.com', '3MMQpdu3Iqr', 'admin'),
(62, 'Tan', 'Clemmett', 'Male', '2002-08-26', '6918 Center Street', 'tclemmett1p@dagondesign.com', 's0gP6W4NB', 'visiteur'),
(63, 'Jerrylee', 'Atkinson', 'Female', '1961-02-25', '2370 Thackeray Pass', 'jatkinson1q@amazon.co.jp', 'ZEOEy6', 'visiteur'),
(64, 'Ignatius', 'Colborn', 'Male', '1995-12-11', '1842 Sherman Trail', 'icolborn1r@google.ru', 'ImR6CROy', 'visiteur'),
(65, 'Melina', 'Sprason', 'Female', '2006-03-04', '5796 Dottie Junction', 'msprason1s@51.la', 'ZQC3gw7qCl', 'admin'),
(66, 'Barbie', 'Gail', 'Female', '2005-01-28', '48 Dryden Trail', 'bgail1t@mail.ru', '3pBNBgzq', 'admin'),
(67, 'Michaelina', 'Treanor', 'Female', '1999-05-05', '82508 Hanover Crossing', 'mtreanor1u@un.org', 'TbxvvHcYN', 'visiteur'),
(68, 'Stormy', 'Wardroper', 'Female', '1987-11-10', '61238 Golf Course Circle', 'swardroper1v@people.com.cn', 'CoTTcc', 'visiteur'),
(69, 'Caesar', 'McCallum', 'Male', '1978-05-14', '6 Red Cloud Trail', 'cmccallum1w@chicagotribune.com', '7n86pA', 'visiteur'),
(70, 'Sarita', 'Ivashintsov', 'Female', '1983-08-14', '41 Melody Way', 'sivashintsov1x@hostgator.com', 'fpJ9RbE33', 'admin'),
(71, 'Garald', 'Zupo', 'Male', '1995-03-04', '237 Delladonna Court', 'gzupo1y@soup.io', 'PQBwieR4K', 'visiteur'),
(72, 'Kilian', 'Farman', 'Male', '1986-09-28', '2187 Larry Alley', 'kfarman1z@nhs.uk', 'V7eAc0DH', 'visiteur'),
(73, 'Pablo', 'McCaughey', 'Male', '2009-04-08', '42078 Northridge Terrace', 'pmccaughey20@blinklist.com', '0Nv5Z4jdKh', 'admin'),
(74, 'Kordula', 'Onn', 'Female', '2017-01-25', '281 Victoria Point', 'konn21@umn.edu', 'lm8nRs8', 'admin'),
(75, 'Lynsey', 'Leatherland', 'Female', '1990-02-10', '12 Tennyson Plaza', 'lleatherland22@taobao.com', '68KZUg', 'visiteur'),
(76, 'Gabriel', 'Hastwall', 'Male', '1981-02-16', '8022 Shasta Way', 'ghastwall23@si.edu', 'H4sQWdHskl7', 'visiteur'),
(77, 'Antonin', 'Westpfel', 'Male', '2010-05-19', '774 Emmet Trail', 'awestpfel24@sciencedirect.com', '52l6F2', 'admin'),
(78, 'Terrye', 'Debell', 'Female', '2018-04-25', '080 Almo Plaza', 'tdebell25@army.mil', 'ZjIC5Z', 'admin'),
(79, 'Dylan', 'Toomey', 'Male', '1972-07-29', '204 Farwell Plaza', 'dtoomey26@edublogs.org', 'iHCm46YcTGhG', 'admin'),
(80, 'Mozes', 'Gloyens', 'Male', '1971-03-04', '2408 Bellgrove Hill', 'mgloyens27@shareasale.com', 'b3bBosie6T3y', 'visiteur'),
(81, 'Lucita', 'Morcom', 'Female', '2005-07-01', '02375 Gulseth Circle', 'lmorcom28@nasa.gov', '8Av598Pky', 'admin'),
(82, 'Ingrid', 'de Werk', 'Female', '1960-11-02', '45661 Jay Terrace', 'idewerk29@sciencedaily.com', 'j4urVn0', 'visiteur'),
(83, 'Gaylene', 'Trever', 'Female', '2000-11-14', '1467 Melvin Avenue', 'gtrever2a@springer.com', 'WeS6oPV', 'admin'),
(84, 'Zack', 'Blackeby', 'Male', '1984-03-10', '8 Cambridge Road', 'zblackeby2b@geocities.jp', 'yhwB7yrvSrGm', 'visiteur'),
(85, 'Paquito', 'Stollard', 'Male', '1960-11-22', '15 Montana Avenue', 'pstollard2c@1688.com', 'hi732yDif', 'visiteur'),
(86, 'Archibald', 'Rainforth', 'Male', '1970-10-16', '83 Sunfield Place', 'arainforth2d@redcross.org', 'XqFVGdPDdukt', 'visiteur'),
(87, 'Germaine', 'Maryott', 'Female', '2006-08-18', '04212 Cardinal Lane', 'gmaryott2e@tiny.cc', '0oG8hM', 'visiteur'),
(88, 'Hector', 'Watford', 'Male', '1966-11-18', '874 Kenwood Center', 'hwatford2f@flavors.me', 'vDz9av', 'visiteur'),
(89, 'Merralee', 'Hodinton', 'Female', '1999-12-01', '6 Onsgard Trail', 'mhodinton2g@cloudflare.com', 'mFOXSJdWqTA', 'visiteur'),
(90, 'Dorrie', 'Croom', 'Female', '1966-08-11', '0121 Lukken Plaza', 'dcroom2h@icio.us', 'Z54Ra9g', 'visiteur'),
(91, 'Carmela', 'Buckland', 'Female', '2002-04-16', '72 Melvin Lane', 'cbuckland2i@amazonaws.com', 'akhDvw', 'visiteur'),
(92, 'Munmro', 'Brawley', 'Male', '1961-12-23', '3920 Bluejay Place', 'mbrawley2j@drupal.org', 'RLdH4sK', 'visiteur'),
(93, 'Trudie', 'Flintoff', 'Female', '1991-03-23', '9 Prentice Terrace', 'tflintoff2k@studiopress.com', 'tqdipwp8', 'visiteur'),
(94, 'Tab', 'Fillingham', 'Male', '2007-01-25', '8948 Russell Hill', 'tfillingham2l@liveinternet.ru', 'CentTtXlBxvS', 'admin'),
(95, 'Kare', 'O\'Dennehy', 'Female', '2018-11-10', '060 Fairfield Hill', 'kodennehy2m@mac.com', 't3HayIl94we', 'visiteur'),
(96, 'Cayla', 'Rebert', 'Female', '2017-12-25', '657 Memorial Lane', 'crebert2n@jimdo.com', 'FoZUXw', 'admin'),
(97, 'Rossy', 'Mustin', 'Male', '1994-03-05', '0103 Roxbury Crossing', 'rmustin2o@deviantart.com', '40gruFlg', 'visiteur'),
(98, 'Kerwin', 'Mickleborough', 'Male', '1991-06-07', '716 West Alley', 'lo@g.com', '1234', 'visiteur'),
(99, 'berni', 'dici', 'm', '1996-12-09', 'qwertzuiop 1234556 rue xse', 'bstangroom2q@vk.com', '12345', 'admin'),
(100, 'Amory', 'Berrisford', 'Male', '1995-12-09', '790 Debra Road', 'aberrisford2r@geocities.com', 'vslvcQHfnYUY', 'admin'),
(101, 'lili', 'kube', 'f', '1999-05-07', 'wkrjvne4kjvb jbv 33', 'li@b.com', '1234', 'admin'),
(102, 'ko', 'lo', 'f', '1999-01-06', 'zgssr 5hhj', 'lo@ko.com', '1234', 'visiteur'),
(103, 'albert', 'rigi', 'm', '1999-11-11', 'jjjjjjjj', 'rigi.com', '1234', 'visiteur'),
(104, 'albertine', 'rigi', 'm', '1999-12-10', 'jjjjjjjj', 'rigi.com', '1234', 'visiteur'),
(105, 'albertine', 'rigi', 'Female', '1999-12-10', 'jjjjjjjj', 'rigi.com', '1234', 'visiteur'),
(106, 'albertine', 'rigi', 'Female', '1999-12-10', 'jjjjjjjj', 'riga.com', '1234', 'visiteur');

--
-- Contenu de la table `user_hobby`
--

INSERT INTO `user_hobby` (`id_user`, `id_hobby`) VALUES
(2, 12),
(3, 4),
(4, 3),
(5, 4),
(6, 4),
(6, 7),
(7, 5),
(7, 13),
(8, 16),
(9, 3),
(9, 16),
(10, 5),
(10, 11),
(10, 14),
(13, 5),
(14, 11),
(14, 13),
(15, 10),
(15, 12),
(17, 8),
(17, 11),
(18, 11),
(19, 4),
(22, 4),
(22, 5),
(23, 4),
(23, 15),
(24, 4),
(24, 16),
(25, 6),
(25, 9),
(27, 6),
(27, 7),
(29, 4),
(29, 12),
(32, 7),
(34, 8),
(35, 6),
(35, 17),
(36, 12),
(37, 2),
(37, 5),
(37, 14),
(37, 15),
(40, 2),
(41, 5),
(41, 17),
(44, 6),
(45, 11),
(45, 15),
(46, 7),
(46, 15),
(48, 4),
(48, 10),
(48, 11),
(51, 2),
(52, 9),
(53, 5),
(56, 10),
(57, 16),
(58, 9),
(58, 17),
(59, 11),
(60, 7),
(60, 15),
(62, 9),
(62, 14),
(63, 2),
(65, 12),
(65, 17),
(66, 12),
(67, 7),
(68, 4),
(72, 10),
(75, 9),
(78, 6),
(78, 7),
(79, 16),
(81, 16),
(82, 13),
(84, 4),
(86, 4),
(87, 5),
(87, 13),
(89, 2),
(92, 6),
(92, 15),
(94, 9),
(94, 13),
(94, 16),
(95, 4),
(95, 7),
(95, 16),
(97, 13),
(97, 17),
(98, 3),
(98, 5),
(98, 18),
(99, 1),
(99, 2),
(99, 2),
(99, 2),
(99, 3),
(99, 4),
(99, 7),
(99, 8),
(99, 8),
(99, 15),
(100, 2),
(100, 17);

--
-- Contenu de la table `user_interet`
--

INSERT INTO `user_interet` (`id_user`, `id_interet`) VALUES
(3, 14),
(4, 14),
(4, 25),
(12, 26),
(14, 25),
(15, 24),
(16, 18),
(16, 20),
(18, 24),
(19, 22),
(22, 17),
(22, 27),
(24, 18),
(24, 20),
(28, 7),
(29, 25),
(29, 26),
(31, 8),
(32, 9),
(32, 11),
(32, 14),
(34, 3),
(35, 2),
(35, 25),
(36, 15),
(37, 17),
(39, 10),
(39, 20),
(40, 16),
(40, 27),
(41, 11),
(42, 17),
(42, 24),
(43, 12),
(43, 14),
(44, 20),
(45, 15),
(46, 3),
(46, 4),
(46, 21),
(47, 18),
(48, 5),
(48, 21),
(49, 10),
(49, 16),
(49, 22),
(51, 8),
(51, 20),
(52, 19),
(53, 15),
(54, 20),
(54, 24),
(55, 25),
(56, 25),
(57, 10),
(57, 21),
(58, 25),
(60, 26),
(62, 8),
(62, 14),
(63, 5),
(63, 8),
(66, 17),
(67, 6),
(68, 8),
(69, 8),
(70, 26),
(75, 5),
(75, 22),
(76, 27),
(77, 11),
(77, 18),
(79, 24),
(80, 20),
(80, 26),
(84, 18),
(85, 20),
(88, 12),
(90, 2),
(91, 13),
(93, 7),
(94, 3),
(96, 17),
(96, 27),
(97, 11),
(98, 8),
(98, 9),
(98, 28),
(99, 16),
(99, 20);

/*!40101 SET CHARACTER_SET_CLIENT=@OLD_CHARACTER_SET_CLIENT */;
/*!40101 SET CHARACTER_SET_RESULTS=@OLD_CHARACTER_SET_RESULTS */;
/*!40101 SET COLLATION_CONNECTION=@OLD_COLLATION_CONNECTION */;
